,title,length,views,url
0,‚ú®maquill√°ndome con audios misoginos ‚ú®#misoginia #feminismo #machismo #makeup #reels #beautyblogger,14,13320,https://www.youtube.com/watch?v=Yx2_vnaAmQU
1,Desmantelando el machismo El sexismo no tiene g√©nero #podcast #clips #entrevista #feminismo #genero,59,3824836,https://www.youtube.com/watch?v=o2vOR9KxPWM
2,La junta directiva de amigas feministas #redpill #podcast #feminismo,54,155662,https://www.youtube.com/watch?v=RsrebQRPbDU
3,danann doma a feminista en vivo üóΩ#debate #liberal #fyp #shorts,55,1645162,https://www.youtube.com/watch?v=wL9DzFb18Fo
4,Se Pone TENSO Cuando Asume Que NO MANTENDR√çA A Una Mujer üò≥ #shorts,40,690160,https://www.youtube.com/watch?v=hvf1xrPpjZc
5,DEBATE FEMINISTA #feminismo #debate #worldcast #podcast #patriarcado,54,44392,https://www.youtube.com/watch?v=9dKCS7msmcE
6,igualdad o privilegio #feminista #feminismo #patriarcado #misoginia,15,2678,https://www.youtube.com/watch?v=esAH2bPPdWs
7,PAGO M√ÅS POR TENER üçÜüçÜ#podcast #feminismo #machismo #autonomo #igualdad #injusticia #desigualdad,27,10463,https://www.youtube.com/watch?v=coTFErbfEAY
8,Espa√±a es el ejemplo claro de feminismo radical. #feminismo #espa√±a #desigualdad #redpill,43,862,https://www.youtube.com/watch?v=JieqKVw_Qvk
9,Doble moral‚Ä¶ #critica #social #espa√±a #feminismo #g√©nero #desigualdad #machismo,43,1707,https://www.youtube.com/watch?v=WVFPfbN37IU
10,Recibo hate por mi edad y respondo ü§¨,48,7141417,https://www.youtube.com/watch?v=VUh9Jgr93KA
11,El hombre no se cansa de la misma mujer ü¶â#reflexion #amorpropio #crecimientopersonal #relaciones,27,23130,https://www.youtube.com/watch?v=PhoIN9hqRgE
12,"‚ÄúLe puso 50 millones de cachos‚Äù, Niurka Marcos sobre #WilliamLevy y Elizabeth | #elgordoylaflaca",55,2717612,https://www.youtube.com/watch?v=aeadeQ4adv4
13,#maternidad,52,59286,https://www.youtube.com/watch?v=4nk4dnNFqE4
14,üö®El FIN de ESPA√ëA üö® La Baja por Regla Dolorosa,59,28,https://www.youtube.com/watch?v=lO-VPdYCHFY
15,2 GORDOF√ìBICOS DISCUTIENDO #psicologia #worldcast #relaciones #relacionest√≥xicas #amor #realidad,57,12489,https://www.youtube.com/watch?v=QwBIJYm6rO8
16,Lenguaje inclusivo ü§∑- #shorts #feminismo #lenguajeinclusivo,33,4042,https://www.youtube.com/watch?v=Q_p3Jlky90s
17,mensaje de #laMars,74,1280,https://www.youtube.com/watch?v=JMeixaBkzmA
18,¬øQui√©n paga en la primera cita? #caradura #feministas #micromachismo #meme,55,1534,https://www.youtube.com/watch?v=0VXKs2A0ybY
19,No soy Feminista #feministas #meme #funny #love #fyp„Ç∑ #noticias #trending #viral,56,3611,https://www.youtube.com/watch?v=d-H2OQEE9e0
20,#carlagaleote #podemos #feministas,58,193115,https://www.youtube.com/watch?v=YqKq_v3YXwg
21,EL SUFRIMIENTO POR SER MUJER #carlagaleote #feministas #cortos,46,35033,https://www.youtube.com/watch?v=mtIXWuRztXQ
22,Mensajes para Feministas #shortsvideo #feminismo,52,1705,https://www.youtube.com/watch?v=28qnZd1QNvk
23,Feminismo radical/8m #feminismo  #feminismoradical #radical #mujer #mujeres #shorts #viral #odio #8m,60,568,https://www.youtube.com/watch?v=6GUPfJJV4pY
24,‚ÄúEl FEMINISMO NO busca la IGUALDAD‚Äù#feminismo #8m #igualdad #patriarcado,57,499,https://www.youtube.com/watch?v=vn9J__MqxdE
25,"Amara La Negra y la Dra Nancy saben como evitar que te hagan ""bingo"" #DesigualesTV",32,267790,https://www.youtube.com/watch?v=Ez9aytWZMMQ
26,#Feminista ¬øQui√©n es verdadera feminista para mi? #aboga2 #custodiacompartida #mujer #mujeresfuertes,29,18301,https://www.youtube.com/watch?v=GKp2C_ZkrI8
27,El feminismo es hipocres√≠a pura,29,109546,https://www.youtube.com/watch?v=LlU4fUBAx3Q
28,Mujer cat√≥lica no baja de ‚Äúpir#%‚Äù a influencer por su outfit,54,3011421,https://www.youtube.com/watch?v=k0imHLis2_o
29,ME AMENAZ√ì UN ALIADE.,296,172651,https://www.youtube.com/watch?v=6x2vd9wBnaE
30,"""Los hombres no sirven para n4da"" (DEBATE √âPICO CON F3MINI$TA) | Emmanuel Danann",387,1028483,https://www.youtube.com/watch?v=U1FDkmTtQgE
31,El Feminismo da Much√≠simo Dinero #negocio #feminismo #debate,54,11334,https://www.youtube.com/watch?v=V1FqZmoQTt4
32,Feministas quieren meter padres a la c√°rcel #podcast #ideologiadegenero #feminismo #noticias,60,8258,https://www.youtube.com/watch?v=I0HnU8KZtO8
33,Samantha Hudson es un aboga por la p3rversi0n #feminismo #perversion #feminista,59,349744,https://www.youtube.com/watch?v=jHg44OWsbVQ
34,¬øPadres ausentes o padres migrantes? #podcast #feminismo #ideologiadegenero #opinion,60,13552,https://www.youtube.com/watch?v=MpF6XCzjhBE
35,EL FEMINISMO CONSIENTE A LAS MUJERES #feminismo #cortos,58,18768,https://www.youtube.com/watch?v=6Xm3tFlHmmg
36,Debate completo en nuestro canal,49,122613,https://www.youtube.com/watch?v=-SHBGbnTBN4
37,Las ni√±as y adolescentes de hoy pueden ser feministasü§© #feminismo #parati #youtube #ideas,54,9732,https://www.youtube.com/watch?v=sB7ec2DMIpU
38,ü¶Ñ RIDICULO üëÄ FEMINISTA HUMILLADA EN DIRECTO EN LA SEXTA #shorts #feminista #igualdad #lgtbi #lasexta,51,78,https://www.youtube.com/watch?v=DI6Wc95746M
39,Quema de brujas feminista #compas #feminismo #ideologiadegenero #opinion #machismo,41,45993,https://www.youtube.com/watch?v=esDCouAMbjs
40,#newderecha #libertad #ideologiadegenero #faminismo #hembrismo #politica #hombres #mujeres #idiotas,59,1947,https://www.youtube.com/watch?v=Xc6uHhYtDAY
41,Feministes #ideologiadegenero #igualdad #feminismo,36,2386,https://www.youtube.com/watch?v=M3PxZxXz1fI
42,La definici√≥n de mujer de Irene Montero #endikafl #liberalismo #espa√±a #ideologiadegenero #milei,59,2676,https://www.youtube.com/watch?v=p8A8XzJSzQg
43,"Sobre las campanadas de Cristina Pedroche, Jenni Hermoso y el feminismo #endikafl #ideologiadegenero",59,957,https://www.youtube.com/watch?v=OoxPI3Aaph0
44,üëÄEL JINCHO DESMONTA LA IDEOLOGIA DE IRENE MONTERO #shorts #irenemontero #eljincho #ideologiadegenero,53,69065,https://www.youtube.com/watch?v=qd0_dRQpaaE
45,Ver√≥nica Valenzuela: la violencia debe ser combatida sin etiquetas de g√©nero ni sexo,60,207,https://www.youtube.com/watch?v=kiNtv_0bAac
46,Progresismo | Modernidad,56,487,https://www.youtube.com/watch?v=01vPBwuybUI
47,Feministas  y Auto descompuesto,17,397,https://www.youtube.com/watch?v=wReRoIKF8ho
48,Identidad de g√©nero | William Thomas,56,1882,https://www.youtube.com/watch?v=LYpCUuN2pJg
49,Ceder la chaqueta es micromachismo #micromachismo #feministas #meme #funny #love #fyp„Ç∑,59,2349,https://www.youtube.com/watch?v=53btKT7eD-U
50,Los micromachismos son el verdadero problema,58,24539,https://www.youtube.com/watch?v=Rvo8PYb_0cw
51,"Chocolatadas y perreo  Ministerio de Igualdad, Gobierno de Espa√±a",37,5546,https://www.youtube.com/watch?v=dEIWmMObjDM
52,Se√±ales de #micromachismo en nuestro d√≠a a d√≠a ‚ö†Ô∏èüë©üèΩ‚úãüèΩüë®üèª #ElGustoDeEllas üíÅüèª‚Äç‚ôÄÔ∏è | EGDL12 üìª,60,153,https://www.youtube.com/watch?v=IV4uVDOUuJ4
53,MICROMACHISMOS,57,274,https://www.youtube.com/watch?v=oACTaFWGhOg
54,MICROMACHISMO #short,7,5133,https://www.youtube.com/watch?v=F5zqJjjYdKo
55,Micromachismos #monologo #comedia #humor #machismo #realidad #edad #hijos,46,124,https://www.youtube.com/watch?v=QEv27nHedgw
56,¬øQu√© son los MICROMACHISMOS? üëæ 2 Posibles explicaciones,14,3522,https://www.youtube.com/watch?v=Bnh8j9MGxv0
57,¬øSer caballeroso es machismo?,43,356,https://www.youtube.com/watch?v=zU8GogK7j9g
58,Los cupos de g√©nero son desigualdad,29,162347,https://www.youtube.com/watch?v=BKhFgdQi_G0
59,FRANK: NO SE PUEDE DECIR NADA,53,216644,https://www.youtube.com/watch?v=sJ0ILNpL-8E
60,El impacto de los roles de g√©nero en las redes sociales,52,101,https://www.youtube.com/watch?v=VHU472kX4C4
61,Las relaciones sociales y el papel de g√©nero,55,13660,https://www.youtube.com/watch?v=AHlnN0c9Vz4
62,üö®La mujer Empoderada NO es como creesü§¶‚Äç‚ôÇÔ∏è,33,7542,https://www.youtube.com/watch?v=0FVzcgxrcLs
63,La BRECHA SALARIAL NO EXISTE #shorts,39,3072,https://www.youtube.com/watch?v=cK0YeB88-_o
64,El PRIVILEGIO DE SER HOMBRE,59,246228,https://www.youtube.com/watch?v=5jZTIXLaaOE
65,NO ES UN PRIVILEGIO SER HOMBRE,45,20248,https://www.youtube.com/watch?v=6VMl5TdGfDw
66,El privilegio de ser hombre??,45,37,https://www.youtube.com/watch?v=ekCm5PS58jo
67,EL PRIVILEGIO DE SER HOMBRE,34,1653,https://www.youtube.com/watch?v=2oi9ZVOsNlo
68,Privilegios del hombre #feminismo #Hombre #Mujer #igualdaddegenero,42,5450,https://www.youtube.com/watch?v=LvUrS03hhlM
69,"El ""patriarcado"" y las mujeres #patriarcado #feminismo #economia #politica #liberalismo",21,10098,https://www.youtube.com/watch?v=ZqaRLzDdstg
70,El Patriarcado existe? actualmente?#transgeneros #bisexual#lgtbespa√±a #machoalfa#patriarcado#hombre,37,3018,https://www.youtube.com/watch?v=dBLiOltdRp0
71,Los celos son cosa del patriarcado,55,3011,https://www.youtube.com/watch?v=tFVu3pnD63w
72,¬øEl PATRIARCADO es un invento FEMINISTA? üò≥ | Juan Miguel Zunzunegui #69,58,50607,https://www.youtube.com/watch?v=aLDZBR8XDaY
73,No LIGO por ser GORDA | #feminismo #machismo #gordofobia,24,1058065,https://www.youtube.com/watch?v=Bda1Ttox9mQ
74,HE-MAN hombre blanco hetero machista opresor #humor #feminismo #machismo #inclusion,40,481,https://www.youtube.com/watch?v=R7HjnzewwdA
75,Los HOMBRES OPRIMEN a las MUJERES üëÄü§∑üèª‚Äç‚ôÇÔ∏è #feminismo #shorts #youtubeshorts #viral #viralvideo,36,9451,https://www.youtube.com/watch?v=84AGDqjZFmw
76,"MACHO OPRESOR Y PATRIARCAL, TE ATIENDE DANNAN | Jorge Libertad üóΩ",60,390852,https://www.youtube.com/watch?v=eMcYc06pZ9Q
77,"Marcela vs DANANN, igualdad de g√©nero destruida | Jorge Libertad üóΩ",57,2473023,https://www.youtube.com/watch?v=cV1pQZV0uH0
78,El padre machista | s√≠gueme en ig lavidadealex_ #humor #comedia #padre,55,107942,https://www.youtube.com/watch?v=wntgEJa1m-w
79,HOMBRE MACHISTA ES PUESTO EN SU LUGAR ü•∫ü•∫ü•∫‚òùÔ∏è,31,14114,https://www.youtube.com/watch?v=F9N-HTZfXjA
80,La t√≠a machista #humor #comedia,39,121819,https://www.youtube.com/watch?v=M3_dhzLsl7s
81,Mi marido es un machista! #machista #meme #8m #feministas #funny,57,2737,https://www.youtube.com/watch?v=SKluVX2wLUU
82,Le acusan de ser machista y responde esto. #feminismo #machismo #pol√≠tica #80s #tv #entrevista,24,264184,https://www.youtube.com/watch?v=34B7HAGKD_o
83,La pregunta machista que hice a Chanel üò∞,42,3216270,https://www.youtube.com/watch?v=5uIhqmX515Q
84,El var√≥n es asesino por ser var√≥n machista | Jorge Libertad üóΩ,57,462109,https://www.youtube.com/watch?v=MN3AjPKJCGA
85,MI T√çO MENOS MACHISTA,13,1689,https://www.youtube.com/watch?v=HsArrj64rFk
86,WTF GERMAN MACHISTA?,16,604,https://www.youtube.com/watch?v=DDKZioujniY
87,un chiste machista,9,1794,https://www.youtube.com/watch?v=UZtjfPLHhb4
88,HOMBRES vs MUJERES üèùÔ∏è #shorts #feminismo #youtubeshorts #viral #viralvideo #shortvideo #short,32,12699,https://www.youtube.com/watch?v=ZcAj8ZtAJYY
89,MERNUEL MACHISTA,16,489452,https://www.youtube.com/watch?v=2A27yqCKN7Q
90,"MARA JIM√âNEZ ACUSA P√öBLICAMENTE a RESCUEYOU de MACHISTA, HOM√ìFOBO y GORD√ìFOBO | DoctorFem #shorts",58,401,https://www.youtube.com/watch?v=rvf31AR29yE
91,illojuan machista,9,854,https://www.youtube.com/watch?v=FnrV3qonhY8
92,Se utiliza bien la palabra #machista?,61,1215,https://www.youtube.com/watch?v=GK6eONcUEZg
93,como? cyqve machista ?,13,261,https://www.youtube.com/watch?v=O34hRQeIHjM
94,Machismo en la carrera de la mujer? #feminismo #pol√≠tica #cr√≠ticasocial,54,523,https://www.youtube.com/watch?v=NrNIJAxyKio
95,Desenmascarando el machismo en nuestra sociedad Todos somos responsables #podcast#feminismo#machismo,51,79244,https://www.youtube.com/watch?v=jkNqKc82U4M
96,"""V√≠stima "" triplemente oprimida ü§£ #podcast #machismo #humor #ideologiadegenero #entrevista #comedia",58,2476,https://www.youtube.com/watch?v=oYpPswPaBWc
97,Like si t√∫ tambi√©n te identificas como Ironman#mujeres #trans #transgenero #transfobia #feminista,41,1184411,https://www.youtube.com/watch?v=20otbcj_-js
98,"Respondo a TR4NS ""no binarie"" üòµ‚Äçüí´",57,10981112,https://www.youtube.com/watch?v=fDMbU0mgmVw
99,Qu√© significa NO BINARIO | #leytrans #binario #nobinario #humor,32,74142,https://www.youtube.com/watch?v=ly1Og_-LWOI
100,Los HOMBRES Son Confusos?,59,2629706,https://www.youtube.com/watch?v=FOgZbB3iuds
101,Yo me identifico con genero no binarioüí§,35,37265,https://www.youtube.com/watch?v=5Kqu-2AV8oI
102,El futuro es NO BINARIO,19,1167,https://www.youtube.com/watch?v=4LMhEVr01sA
103,Binario o No Binario‚Ä¶ c√≥mo es eso?,60,7889,https://www.youtube.com/watch?v=CD--ALN9EeA
104,¬øRelaciones abiertas? #mujeres #parejas #relaciones,52,239558,https://www.youtube.com/watch?v=N06F6NjOGVc
105,Los No Binarios üè≥Ô∏è‚Äçüåà son Binariosü§£,43,8083,https://www.youtube.com/watch?v=cocUtlUSUMU
106,"Respondo a estos personajes ""no binarios""",38,574255,https://www.youtube.com/watch?v=K0BbT3DozF0
107,Frank Cuesta opina del movimiento LGBT+,60,1562451,https://www.youtube.com/watch?v=zTnVOjKJ_PE
108,Agust√≠n Laje destroza la identidad de g√©nero | #agustinlaje #ideologiadeg√™nero,37,323550,https://www.youtube.com/watch?v=-6rduHeLjYQ
109,Sacerdote no binario,12,3723,https://www.youtube.com/watch?v=AIaZ7IewZDQ
110,¬øUn hijo transg√©nero no binario?,18,1476,https://www.youtube.com/watch?v=HkMnfkQ-jek
111,üåà IRENE MONTERO ESCUCHA LO QUE ES FEMINISMO #shorts #irenemontero #igualdad #vox #abascal,31,6348,https://www.youtube.com/watch?v=l2Zg-1Y15jo
112,Los HOMOSEXUALES pueden ser HETEROS si QUIEREN (todo es mental) ‚úçüèº #lgbt #igualdad #brianzaballos,29,1647356,https://www.youtube.com/watch?v=YP9KBch9KOg
113,OJAL√Å ME SALVE UN HOMBREüë®üèΩ‚Äçüöíüë®üèΩ‚Äçüöí#short #podcast #show #bomberos #igualdad #hombres #feminismo #mujer,34,11098,https://www.youtube.com/watch?v=kvdWJ3RGRfk
114,¬øLas GORDAS os TIRAN para ATR√ÅS? üö´ #gordofobia #bodyshaming #bodypositive #igualdad,52,2464786,https://www.youtube.com/watch?v=KVcYt6r3Ows
115,TENEMOS DERECHOS Y LAS MISMAS OPORTUNIDADES #vemarket #danielca√±ete #mujeres #igualdad,18,265173,https://www.youtube.com/watch?v=cBucxb14phU
116,Feminismo rid√≠culoüö∑üö∑#fyp #podcast #feminismo #ministerio #igualdad #gobierno #prostitucion #dinero,30,36,https://www.youtube.com/watch?v=oKVOETaF0Qk
117,Violencia de g√©nero #mix #genero #violenciadegenero #feminism #funny #fyp,51,984,https://www.youtube.com/watch?v=WDg_eFurkc8
118,el d√≠a en que el rockero fascista Emmanuel Danann insult√≥ y denigr√≥ a una chica provida/#gordofobia,28,16710,https://www.youtube.com/watch?v=yY1TA3KEFZY
119,La GORDA me llama FRIKI | #humor #risa,24,26626994,https://www.youtube.com/watch?v=LVb5EcOp2vw
120,¬°El Cambio de Era Desmitificando los Estereotipos de G√©nero!,36,410,https://www.youtube.com/watch?v=Wrw8X-sO7ew
121,LA MASCULINIDAD T√ìXICA ‚ò¢Ô∏èüß™,47,16350,https://www.youtube.com/watch?v=g592TbQcScs
122,LA MASCULINIDAD T√ìXICA NO EXISTE #shorts,11,18311,https://www.youtube.com/watch?v=oJLNswixtPc
123,LA MASCULINIDAD NO ES T√ìXICA,49,5918,https://www.youtube.com/watch?v=licDSLUid04
124,Necesidad de hombres fuertes #eltemach #modoguerra,60,10568,https://www.youtube.com/watch?v=__djQRfqaXY
125,Temachina t√≥xica pens√© que eras diferente pero eres igual que todas MODO Guerra mi compa,54,93619,https://www.youtube.com/watch?v=Lg24GFC9ocA
126,Los Hor√≥scopos y su Influencia en el Mundo Emocional #temach #mujeres #ciencia,46,8755,https://www.youtube.com/watch?v=uBwYQSAsPTo
127,Mujeres con complejo de inferioridad #redpill #machos #feminismo,58,220521,https://www.youtube.com/watch?v=KfqNXZrJCdA
128,ERES UN CARA #soyunmono #leytrans #8M #feminismo #humor #viral,52,12574,https://www.youtube.com/watch?v=QPBlryr7GII
129,#feminismo #desarrollopersonal,32,10210,https://www.youtube.com/watch?v=3wMsEnLmbs4
130,Si mi mujer se pone gorda se va a la calle#mujer #llados #respeto #dios #cuerpo  #amorpropio#dinero,59,10074,https://www.youtube.com/watch?v=JxQQZySPea0
131,GORDOFOBIA A LAS MUJERES,575,709990,https://www.youtube.com/watch?v=Q7s-07dVHSc
132,Consejos para persones bonitas de la cara. #humor #podcast #comedia #confesiones #confiesa #gorditas,21,2240,https://www.youtube.com/watch?v=-spapLA9Fa4
133,¬øEsto es GORDOFOBIA? ü•µ,60,1817,https://www.youtube.com/watch?v=QHK3prVTN6U
134,"Si el M√âDICO te dice que DEBER√çAS ADELGAZAR, es GORD√ìFOBO ‚ö†Ô∏è #gordofobia #saludmental #brianzaballos",60,1935492,https://www.youtube.com/watch?v=WaYa9jOWAGA
135,¬øLas personas GORDAS no ENCUENTRAN el AMOR? ‚úçüèº #brianzaballos #gimnasio #gordofobia #fitnessespa√±a,54,207002,https://www.youtube.com/watch?v=yddWmvvLyzg
136,Que vas hacer ahora? #irenemontero #Afganistan #politicos #mujeres #derechos  #feministas,16,70845,https://www.youtube.com/watch?v=WY24hDvbXIM
137,Recomendaci√≥n Cristina.,59,423,https://www.youtube.com/watch?v=YNleC75jXBM
138,¬øSe fuma porros?,58,428,https://www.youtube.com/watch?v=khqzfAmWQTI
139,Creo que Marcela es Hombre y no lo sabe :v #zurdos #danann #progresismo #feminismo #feminista,59,534640,https://www.youtube.com/watch?v=eXwmuMbBqMA
140,¬øCre√©is que vive en los a√±os 50s?,58,81,https://www.youtube.com/watch?v=SlqesjOc0dc
141,El feminismo no casa con la religi√≥n #redpill #redpillpodcast #feminismo #feminista #feministas,54,756070,https://www.youtube.com/watch?v=g45ldmXij4c
142,C√≥mo evitar los estereotipos de g√©nero  Rompiendo barreras y construyendo igualdad,35,440,https://www.youtube.com/watch?v=8TNjglKFsYQ
143,Mujeres promiscuas no son queridas #redpill #podcast #madres,44,174974,https://www.youtube.com/watch?v=j3I65SWFrfs
144,Combatiendo los estereotipos de g√©nero  La masculinidad y la feminidad,30,993,https://www.youtube.com/watch?v=NCsI0vP8uYA
145,"""Yo por la ma√±ana soy hombre, por la tarde soy mujer y por la noche soy caballo...""",43,5005,https://www.youtube.com/watch?v=fAe4CNrQbCw
146,Se puede fluir tu sexo?‚ößÔ∏èüöªü§î#feminismo #machismo #lgbt #hombre #mujer #genero #igualdad #cisgender,11,9382,https://www.youtube.com/watch?v=Fq4ZvHBFuq4
147,Me siento un perro #genero #fluido #carencia #emociona #autoestimaalta #muje #lucescamarasaccion #me,49,2380,https://www.youtube.com/watch?v=zTqcTKdVMAE
148,IMAGINA CON PATXI #soyunmono #soyunmonor #humor #memes #actualidad #genero #comedia #politica,60,16741,https://www.youtube.com/watch?v=ra4Icz1Aba4
149,Sobre los roles de g√©neros #femenismo #gustavobueno #genero,57,565,https://www.youtube.com/watch?v=kiQGRxSql38
150,¬øLos hombres pueden MENSTRUAR? ü©∏üëÄ Lo que dice Google ü•¥,60,314353,https://www.youtube.com/watch?v=1DQrjCM0yEI
151,Riesgos de hombres y mujeres #igualdad #feminismo #machismo #genero #rolesdegenero #actualidad,54,289,https://www.youtube.com/watch?v=8cfimlD_FUU
152,Las mujeres se sienten m√°s atra√≠das por hombres que son capaces de protegerlas  #feministas,59,709500,https://www.youtube.com/watch?v=-PQKzpLi70I
153,¬øQu√© derechos les faltan?,56,8047,https://www.youtube.com/watch?v=9556eSLy_FU
154,NO PUEDE SER ...,58,119,https://www.youtube.com/watch?v=Xwo6lRU_77A
155,ROMA: EL PAJ0TE #soyunmono #humor #actualidad #viral #feministas,26,7510,https://www.youtube.com/watch?v=2Kx1lnQI71c
156,‚ÄúPor el simple hecho de ser mujer‚Äù #feminismo #feministas #desigualdad #g√©nero #fyp #redpill #8m,35,4586,https://www.youtube.com/watch?v=bYjU7iyqUII
157,Respuesta a feministas que dicen que ‚Äúsin hombres estar√≠amos mejor‚Äù. #feministas #radfem #redpill,57,1898,https://www.youtube.com/watch?v=9j0Ukar3N1w
158,#feministas #8m#irenemontero #micromachismo,55,1225,https://www.youtube.com/watch?v=_9BuPZvJo2E
159,Las MUJERES tienen M√ÅS DERECHOS que los hombres frente a la ley üßê #8m #feminismo,29,4113,https://www.youtube.com/watch?v=L57b3kbCkrk
160,Y t√∫ eres feminista? #igualdad #equidad #alfa #feminismo #omega #beta #amor #8m,24,14058,https://www.youtube.com/watch?v=Eus2Sp95l2A
161,VANDALISMO en EL DIA de LA MUJER‚ôÄÔ∏è #shorts,28,3567,https://www.youtube.com/watch?v=2tQTPVDomLw
162,En el D√≠a Internacional de la Mujer debemos reflexionar sobre lo que Dios dice,37,7583,https://www.youtube.com/watch?v=_vClks3kzK8
163,"NO PUEDES PENSAR POR TI MISMA, MUJER.",50,3463,https://www.youtube.com/watch?v=YdlejPshkSk
164,#8m #8meme #8marzo #8marzo2024 #8M2024,60,13906,https://www.youtube.com/watch?v=Vp6eLxquzmI
165,As√≠ creen que se ver√°n las Mujeres si van al Gym üôÑ - Lo Mejor del Gimnasio & Fitness,17,19381423,https://www.youtube.com/watch?v=9IWgEYR24WI
166,¬øQU√â ES EL PATRIARCADO? #shorts,12,17685,https://www.youtube.com/watch?v=w756IlR4n9k
167,El patriarcado me golpea,33,1416,https://www.youtube.com/watch?v=fo--PMipPzk
168,¬øY DONDE QUED√ì EL PATRIARCADO? - Agustin Laje,57,31677,https://www.youtube.com/watch?v=IUc8hybpt5g
169,El impacto cultural de los ba√±os neutrales en cuanto al g√©nero en los Estados Unidos,33,2873,https://www.youtube.com/watch?v=3Ieo9Bq9wX4
170,HOMBRES MALTRATADOS NO EXISTEN #soyunmono #soyunmonor #actualidad #genero #politica,49,7517,https://www.youtube.com/watch?v=fopVnl23z7w
171,33 g√©neros reconocidos #pedrobuerbaum #genero #sociedad,58,53372,https://www.youtube.com/watch?v=S8li-3VG2bc
172,#MINISTERIO DE #IGUALDAD #GENERO #IRENE #MONTERO #LOVE #SHORTS #HUMOR #RISAS,15,2041,https://www.youtube.com/watch?v=UQlz9uUTSsQ
173,Rol de G√©nero #feminismo #absurdo #rol #genero #soyununoalumpaclimatizado,15,379,https://www.youtube.com/watch?v=uG2eY11-Pic
174,LO QUE QUIERAS! #podcast #humor #genero #identidade #ese #ley #hombres #mujeres #viral #shorts #fyp,30,2778,https://www.youtube.com/watch?v=YGgHJACkBR0
175,Hay mam√°s que usan a los hijos de reh√©n #opinion #violenciavicaria #violenciadegenero #feminismo,60,388,https://www.youtube.com/watch?v=iOMdKVWRfCI
176,"Y t√∫, ¬øERES TR4NSFOB0?",60,4476005,https://www.youtube.com/watch?v=-bQeTwCq7Io
177,OTRA PROGRE DE SANCHEZ SIN CEREBRO #shorts #sanchez #PROGRE #pedrosanchez #vox #abascal #voxespa√±a,21,57232,https://www.youtube.com/watch?v=MdQ5gqeNQYA
178,violencia obstetrica #lgbtq #izquierda #progre,53,978,https://www.youtube.com/watch?v=iHaC4eAAqsM
179,Tenemos la versi√≥n femenina milenial de Willy Toledo #progre #orgullo,50,8268,https://www.youtube.com/watch?v=M5J4_oeLh2w
180,DISNEY APUESTA FUERTE por el PROGRESISMO!!!,60,86473,https://www.youtube.com/watch?v=m-cZHMNLQQU
181,LA BRECHA SALARIAL ES UN MITO  @IMPERIOKATARSIS  #shorts,36,74,https://www.youtube.com/watch?v=1ARpA5ZuAks
182,LA HIPOCRES√çA de Jennifer Lawrence en Los Juegos del Hambre,60,4170,https://www.youtube.com/watch?v=rxCaJ_MndOs
183,Sexualizaci√≥n Masculina #shorts #feminismo,54,78,https://www.youtube.com/watch?v=DRGv9GTmBi0
184,¬øMiare es una v√≠ctima de su madre? #delox #dalas #dalasreview #smae_podcast #shorts,54,502027,https://www.youtube.com/watch?v=QZ3RC8gWRh8
185,"chantaje, dadas Liam y cherry #polemica #dalasreview #dalas #Liam #roblox #cherry",28,2368,https://www.youtube.com/watch?v=Oi_3wCbcWoU
186,GORDOFOBICA busca el amor en una plataforma para el amor | Reacci√≥n al video,45,2747,https://www.youtube.com/watch?v=nTrDs1b0R84
187,El mundo putrefacto de los #progres nos da√±a El #cambiodesexo algo grave que ellos toman a la ligera,57,1962,https://www.youtube.com/watch?v=zxDo6081eCQ
188,70K En Instagram?üî∑ #raulzumba #humor #cambiodesexo #cafeteriareycas #reycas #jaen #ja√©n,12,4049,https://www.youtube.com/watch?v=mWea_-bkH9k
189,PODCAST COMPLETO DISPONIBLE #danielca√±ete #podcast #vemarket #transgenero #perspectivadeg√©nero,17,29791,https://www.youtube.com/watch?v=HTWdMIb7qmQ
190,Miss Portugal #miss #portugal #concursomiss #missuniverso #trans #transgenero #leytrans #viral,6,3718,https://www.youtube.com/watch?v=A-IJ3yWFAXw
191,Tr4ns te dice lo que te tiene que gustar #trans #lgtb #hombres #short,30,5723,https://www.youtube.com/watch?v=IpmlRlikzik
192,NUEVO PODCAST CON OMMAR SHAWKII #danielca√±ete #vemarket #masculinidad #despertardelalma #omarshawki,60,3407736,https://www.youtube.com/watch?v=_17xS5eYjBY
193,LAS GORDAS DE TIKTOK ODIAN A IBAI,526,780521,https://www.youtube.com/watch?v=fGGLUdaNqWM
194,LA REINA DE LAS GORDAS SE RINDE Y DICE QUE EL BODYPOSITIVE ES UNA MENTIRA,765,240838,https://www.youtube.com/watch?v=MUXPxEUGYI0
195,DICE QUE LOS CHICOS NO LA QUIEREN POR SER GORDA üò≥,728,82381,https://www.youtube.com/watch?v=CIFqSHI9NmE
196,Hombre invisible #humor #igualdad #comedia #hombre #invisible,20,5742,https://www.youtube.com/watch?v=urptR7O8k3Y
197,Cambio de hombre a mujer #igualdad #hombre #feminismo,48,6274,https://www.youtube.com/watch?v=P5zVG_XqKEc
198,Igualdad de oportunidades. #feminismo #radfem #igualdad #redill,54,7750,https://www.youtube.com/watch?v=2bqBVg4cCoY
199,Lenguaje INCLUSIVO!!! #shorts #youtube #mujer #hombre #igualdad #tonterias,43,5268,https://www.youtube.com/watch?v=TZJPW-5CLk0
200,IGUALDAD en la M1ERD4!,30,262278,https://www.youtube.com/watch?v=rRv-irg9e9A
201,GANAMOS con estudios de G√âNERO e IGUALDAD!!!,51,83873,https://www.youtube.com/watch?v=Mwq-N7TSrqE
